label,user_id
1,444470968
0,575568870
1,1099774544
0,3933884174
0,197562820
0,1588944402
1,2873860758
1,405554212
0,86014865
0,236121035
0,553128267
0,722076794
0,1859753864
0,354082151
0,1353326646
1,7272212
0,93772024
0,793888479314841600
1,2286329814
1,82163776
0,242547030
1,1639571665
1,2830226584
1,1164802609
1,39389124
0,809492450775601152
1,20806196
0,734499888961073152
1,20471057
0,752032456904101889
0,773382973055836160
0,61377027
1,352108533
1,557888656
0,241947826
0,996519072
0,760115552
0,698453631343861760
0,499161936
1,2664888904
1,296012487
0,2930046518
0,2234719009
0,68949179
0,2363265145
0,1614019836
0,739198843
1,238450706
1,111106012
0,1662748758
0,732067495243190272
0,124218599
1,55600708
1,114229828
0,593494121
0,2748531408
0,106682211
1,3247313892
1,716473069964029952
0,60160788
1,720733488
0,2547521724
0,782299748
0,768455918061129728
0,620400845
1,2159715524
0,455453931
1,328238186
1,589428542
0,3269720460
1,233021323
1,19255830
1,1161599551
1,1616997456
0,333008894
0,636990410
0,525751413
0,2183457530
0,700950213360427012
0,298161059
1,1918398530
0,2954773300
0,819435250698719233
1,952107745
0,430735682
1,2555072869
1,554654685
0,3004273494
0,242789413
1,468767762
1,598671975
0,87791651
0,523330052
1,2876149065
0,867637614
1,399208463
1,2812068157
1,185562436
0,1264162950
0,1108142688
0,93514197
0,198990908
1,1282899487
0,3251594196
0,130568543
1,241384458
0,544684412
1,1377832184
0,215709797
1,2470654218
1,239105297
1,558289052
0,18790791
0,139319651
0,809463794183258112
0,818616671527022592
1,3348755900
1,1031646342
0,24263913
1,2326358611
0,41597230
0,155125354
1,937915693
1,554685144
1,1644972434
0,2933742956
0,185513365
1,4018157957
0,369168843
1,216863729
1,923581296
1,497965727
0,754963215466041345
0,625986298
1,989040504
0,920103296
1,338082686
1,3450733152
0,95279530
1,2360050259
1,3248317116
1,1216803649
0,3355714749
1,222622991
0,280087005
1,533421532
0,811759438184841216
0,328880251
0,2891754516
1,1441958744
0,253843842
1,913430658
0,744530736456208385
0,200845068
0,481901019
0,339946116
0,2642798885
1,2501803070
1,2967933257
1,52069183
1,746369520
1,58826629
0,2763925199
1,416842967
1,486140804
0,2793265538
1,2815113033
1,1019952072
1,4235585891
0,245857111
0,755648295029080064
1,251261305
1,1299009746
0,20032262
0,265127161
0,1336424340
1,423551349
1,52909354
0,2360513906
1,916682383
1,803725866
0,2796425153
0,227018348
1,31550805
1,256396423
0,42190917
1,1653268182
1,2718906193
1,757586719
1,1094943860
1,528594390
0,2375486795
1,2847312748
0,310705805
0,2296399986
1,2730087262
0,28422464
1,472015125
0,3095507700
0,2737177016
0,2258248229
1,2918038794
1,3226546502
1,484460140
1,462367855
1,1884559891
0,2953531842
1,78667479
0,1877483682
0,394610276
0,1315706838
1,2994318326
0,3302952256
0,2207169182
0,116473547
1,290514452
1,1642895108
0,4802773581
0,88985608
0,717929442459320320
1,381147177
1,1858733822
1,770816665
0,769699970068860929
1,1561040862
1,271148930
1,17331168
0,215699632
0,136547013
0,2933119514
0,2359780988
1,3212890743
1,2727420622
0,806779849255723008
1,2445202809
1,291603588
0,2811990854
1,124446422
1,49650806
0,3434608113
1,2292230946
1,792931958
1,3240492511
0,1361568068
1,20598595
1,622777771
1,1223059422
1,3163071174
1,1124144605
1,705549277
1,2966476473
1,2248119368
1,58723217
1,965445176
1,2263430160
0,2555314909
0,728112103463096320
1,20121356
1,77583679
0,187348645
1,52665836
0,1635007963
0,2593250539
1,1200392156
1,589605418
1,426424139
1,1082215110
1,700301514
1,1426692548
1,1199970006
0,409542987
1,1330232960
0,440385336
1,22115490
1,2598606052
0,378633951
0,419041577
1,40506740
1,1730529132
0,1877124798
1,2185182606
0,330526371
0,390074840
1,531808730
0,4869597951
1,384042049
0,808388330211725312
0,192338224
0,712002503684952064
1,592384046
0,1642449314
1,880274316
0,4110775872
0,2293060681
0,884501304
0,3549925937
0,1381348879
1,2261110143
0,1520402605
0,219144430
0,146822762
0,4706615712
1,149607749
1,362908506
1,368978658
0,2776687508
1,429471911
0,2519258316
1,321140445
1,181323759
0,2309501334
0,750366762
0,787599231557197824
0,29403274
1,1423475498
0,589532301
0,1152722246
0,532976626
0,735257592130195456
0,41827245
1,3313040149
1,2962520680
0,555576921
1,3307335477
0,147430759
0,539131513
0,618272514
1,29153030
1,1092238118
0,618236102
1,610394000
1,1357814274
1,225656498
1,1026163015
0,562240968
0,59149896
0,2948593091
0,925444885
1,448120902
0,451720580
0,732776090431717376
0,267627792
0,3331426467
0,220424614
1,163977027
0,1396151052
0,2476846627
1,179152267
1,1358025536
0,3881175317
0,265483353
1,467004431
0,713552831022809088
1,403298160
1,4368468915
0,289557930
0,721441748321464321
0,5498352
0,262647165
0,418250377
1,2302557331
1,114806567
0,2823174242
0,795562855659696128
1,117535965
1,886981705
0,795348216
1,1465726550
0,1536029030
1,2246711085
0,105671813
1,394546953
1,569506937
1,166091236
0,225702192
1,777149527
1,3235715714
1,2896827848
0,1471802052
1,2440719877
1,39158074
0,811369583466541056
0,452111315
1,145531523
1,215178954
0,3301289947
0,2314905150
0,721129176716038144
1,944195358
1,46721253
1,2335540693
1,306117045
0,364095622
1,713817866
1,1692563598
1,4092043289
0,4724470512
1,456848114
0,2396709840
1,3091592753
1,2425085448
0,2326131139
1,1012456615
0,2204584801
0,322822864
1,71473052
0,819323584585859073
0,451804011
1,3388274728
0,74382000
0,262463598
1,1052192803
0,806050427322200064
0,2265186203
0,1167349963
0,1261634000
0,23803592
1,945744931
0,28099579
0,2443619426
1,2451360199
1,2993191793
1,1263687374
1,3065244159
1,2853478741
1,6190342
0,4253197692
0,229027458
1,3013439451
1,1226630803
1,295231807
0,2339740815
1,1719361856
1,435165222
0,68191397
1,17282533
1,2320219854
0,378605735
0,782845627562504196
0,215380410
1,1391750076
0,2970027254
0,784890429275721728
0,331200019
0,1682707759
0,3011897906
1,437998132
0,2877511602
1,908383568
1,455204994
1,2249179123
0,549020625
1,758321268
0,95714519
1,2283400483
1,2841467445
0,739588044181901312
0,701322559103639552
1,117617504
0,2955465672
1,870379009
0,384747831
1,2830262832
0,147176677
1,635526112
1,300646302
1,135796331
1,178813301
0,731717953
0,4735712963
1,876763256
1,236265221
0,2970315850
1,310769426
0,17964549
0,277035473
0,1388907403
1,4370196317
0,2963643305
0,74725929
0,422056191
0,56430984
1,16115590
0,715375782
1,1553098794
0,702554191290458112
0,4843282443
1,1729590211
0,159156876
0,71223348
1,471117487
1,2187444937
1,2601920760
1,2204785279
1,615856672
1,1202978522
1,1438410384
0,3306521112
1,1143982232
1,30570527
1,2202739353
1,2274335756
1,3252544530
0,225182894
0,2283021097
0,2354576521
0,801552757
0,23794435
1,328101262
0,270206792
1,24394944
1,1646954600
0,588121585
1,2980729907
0,560671661
1,389123938
1,1903823713
1,3078619973
0,2780591953
1,481641167
0,487699175
1,21871185
0,608354680
1,3857005037
0,22246956
1,260383789
1,2790789457
0,1074977828
0,3050451773
0,478424181
1,20022913
0,1905279127
1,35751250
0,294460921
1,867283314
1,3158389153
0,1697428976
1,221083945
0,3478169352
1,354137263
0,762927001
1,3432074157
1,66150091
1,468616914
1,18576424
1,65760849
0,3363266955
0,315351682
1,2435422766
0,2776076666
0,813636916390178816
1,637321126
0,192489180
1,2821163020
1,1063433124
1,2478963242
1,974441856
0,2869352496
1,3124007045
1,567273206
0,573261270
0,4186543032
0,4771360213
1,2610724512
1,1063850323
0,2347594345
1,3103382225
0,733327640
1,289674969
0,299435386
0,249620271
0,2670635072
0,4903621265
0,139117358
1,3001880453
1,458697151
0,54586550
1,388746829
1,1362683112
1,112269260
0,3102355493
0,14389626
0,189602685
0,2808527660
1,425658256
1,1096832989
1,3091577241
0,4617507798
1,189967698
1,708423253
0,633866314
0,2258430073
0,41790233
1,58571053
1,1587475825
0,1429386264
0,407405245
0,123214345
1,1477561548
0,3648382844
1,25408934
0,1040670565
0,578452623
1,3704788774
1,3214169961
0,28337813
1,1009525146
0,1196501899
1,748312951
0,2878853718
0,52317287
0,715404136473190400
0,806027041187315712
1,2466409063
1,287706556
0,157951320
0,22424195
0,113784430
0,852972493
0,767699589923168256
0,3660436639
0,1235555588
1,4181748921
0,119053523
1,2819396683
1,2756109035
0,1964348173
1,321048323
1,1703460248
1,1139924472
1,3514305915
0,738837616947253250
0,801631260703653888
1,368589676
1,21110494
1,359820156
1,2914007780
0,767515232256208897
1,45819332
1,2832684719
1,179571708
1,276150872
1,139571936
1,592585987
1,4443010877
0,234430948
1,17689803
1,55961788
1,3047152694
1,373669480
0,633194854
1,27338367
1,234470411
0,222844706
0,19256193
1,3120987095
1,2741763729
1,561672412
1,71807533
1,583084366
0,322762918
1,361467787
0,2400837858
0,618550454
1,2879984760
1,603005954
0,308808617
0,509731694
0,2356642926
0,35289195
1,1167181674
0,736209999685378048
0,419394572
1,206943640
0,165309723
0,1019563988
1,3017893117
1,438909106
1,3165545381
0,593277237
0,3437394741
1,601999763
1,2559636873
1,2886656916
0,541717989
0,573251982
1,599531441
1,448300281
1,20297444
1,610797627
1,430955853
0,1267881114
1,243710359
0,109951411
0,2196695340
0,2444510866
1,2623858099
0,29030259
0,83040634
0,751073008714911744
0,2562552025
1,2328741733
1,1434968720
0,3220684968
0,2966168771
1,2954169855
0,186115786
0,4547346176
1,393025821
1,375332246
0,52534149
1,1344064586
0,1641283411
1,19000695
0,780336307096748032
1,418336670
0,3777364454
0,198308560
1,3368292101
0,2812110566
1,715643374586437640
1,103293077
1,2334098369
0,514696634
0,179094004
1,298843567
0,426309821
0,33221180
1,2183636785
1,80984948
0,15959901
0,22114247
1,497515125
1,1629737760
0,819455863513489408
1,1143551
1,1125511860
1,1042940095
0,2232676172
1,14583151
1,341320554
1,25564259
0,736140512223059969
0,764843875
0,112085266
0,812492213422690305
0,1407147020
0,319977378
0,89622118
0,568842809
1,952343852
0,269564759
0,2629451430
0,23016096
1,66098510
1,2865148627
0,766713329351995396
1,18988860
0,497560357
1,131053597
0,781749925
0,2407699911
0,2910330772
0,2903596129
0,490044008
1,1690268148
1,26355129
1,1151824200
1,1902140738
0,140168358
1,32111922
1,168575034
1,277136490
1,540915278
1,1616831136
1,700037701
1,1297288075
1,2941864625
0,3305166028
1,3253394719
0,2679085411
1,166856455
1,3183544008
0,576896898
0,809164013166731264
1,3212814310
1,2714400381
0,2229517917
1,2486048822
0,3575348302
0,1447316186
0,1073880919
0,29814108
0,2470594627
1,22294085
1,2352487048
0,268218735
1,702213775
0,392832334
1,509509243
0,755744473
0,171381712
1,2181501732
0,1974045973
0,983785309
0,159355690
1,720852036
0,771770431279857664
0,745068600155766785
1,164831684
0,431163771
0,2891230737
1,1573663094
1,1395692228
1,1326107413
0,708268682418528256
0,1569325242
1,1115649440
0,2467655728
1,179042684
1,1935415261
0,1409202758
0,4826827278
1,19822894
0,53750935
0,768049402581692417
0,1813760545
0,604251452
0,4855132048
1,300926674
0,2471979941
1,817978490
0,2609089397
0,3017932203
1,17293597
1,13420202
0,2316539723
1,2244856496
1,1723052366
0,365191266
1,704439266336706560
1,963582332
1,218579504
1,110748698
0,291590784
1,165147536
0,172684293
0,818330161133142016
1,247760001
0,805634684172599296
1,46660070
0,3881845873
0,79611928
0,802000430914011140
0,801021697340088325
0,37258558
1,2924518107
0,2478452624
0,2210406066
0,25066255
0,3182980311
0,768194266241859584
0,3184843832
1,2823812392
0,4225967420
1,2988283409
0,818749383109791744
0,309800571
0,291751452
0,3087518618
0,56435651
1,2478045410
1,109160458
1,572331074
1,2334499413
0,91319039
1,430500992
0,478561569
0,3116651579
1,420196402
1,2934550948
0,204023872
1,1161949964
0,380081638
0,1853534864
0,108573348
1,634754486
0,734117030
0,44356510
0,122246688
1,220907533
1,3353796610
1,112899731
0,15386099
1,1150664642
0,1155318409
0,47023417
0,1605084576
0,989950748
0,3179403013
0,366302854
0,236506334
1,306899570
1,318044638
1,587176039
0,19471633
0,381134605
1,1950626389
0,3047422383
1,602226329
0,756113047228473344
0,42170767
1,14086883
1,107186693
1,244997896
0,1666494990
1,258487433
0,882304423
0,2266793221
0,31971128
1,487093090
1,228822371
0,2776097096
1,3213151258
0,3215155054
1,2986610723
0,4832597957
1,2282984822
1,3177758516
0,110493104
1,471189503
0,412702391
1,31607841
0,2984935889
1,100639163
0,791556563328651264
1,905784110
0,437190087
1,1657241251
0,1719917635
0,2168468716
1,489826071
0,790785409
1,18051032
1,1208467316
1,2231984328
1,3047879826
1,350905102
1,15927998
1,1339863253
1,33310326
0,753990962402111488
1,1244860614
0,19769659
0,541315116
1,90796821
1,617752759
0,178971056
0,89025690
1,624956208
1,122042801
0,2218384873
1,184872561
1,354694798
1,477012931
0,3775616907
0,2242294497
0,2749973673
0,858118561
1,350865849
0,2806571826
1,535702994
1,2159092987
0,2923524644
0,246347088
0,7732942
1,28339386
0,1693444182
0,1964098316
1,21040507
0,364213232
1,19449861
0,19969237
0,801826419584225280
1,2263551014
1,27739281
1,1676909102
0,1382368694
0,2288140264
0,3951100819
1,706743266
1,53311459
0,46629357
1,398435799
0,711992177765834753
0,2352904690
0,283957066
1,180607357
0,2229224167
0,760548232162320384
1,2153676187
0,395555141
0,1141488523
1,512575204
0,808246931092738048
0,36619085
0,16387935
1,840756522
0,22450787
0,102890752
0,3523908732
0,1599485286
1,80739677
0,894149342
0,806913403402883072
0,1857645224
1,2225969900
1,3809214852
0,809551129524768768
0,2374050758
0,419215151
1,3744289756
1,10732802
0,2862809824
1,1036533739
0,2397303030
0,739472555656941568
1,229610462
0,2529006980
1,2919334880
1,43165111
0,3343259593
0,372315510
1,3226972859
1,41204516
1,1110086784
1,26175981
1,381434807
0,350052119
1,39140545
1,3153766157
1,35614364
0,728152106876567552
1,172987776
0,1268794994
1,1906442354
0,283075005
0,765260854258462720
1,257066663
0,228945887
0,761075542523191298
0,1068754020
1,2287541149
0,54135695
1,525266876
1,613647643
0,2714267070
0,2909430422
0,156908493
1,2786994933
0,786298499235192832
1,48143978
0,700999275
0,365185591
1,41978474
1,30235723
1,367377821
1,366773382
0,2421286014
0,24458061
0,93065640
1,371365853
1,1319037042
1,965719694
0,20371084
1,3519681
0,32942712
0,4257332085
0,17508153
0,502213381
0,800139766268194816
0,801600156890066944
0,31065693
0,3382108883
1,518003930
0,108758183
1,103017631
0,2177619708
0,15766949
1,1059746731
1,3551013614
0,563918540
1,2390030772
0,3188886355
0,55606276
0,306673132
0,87238977
0,4860379092
0,1606783536
1,17228420
1,270110330
1,52139810
1,950491657
1,3005419755
0,16445700
1,16985345
0,69511036
1,144821654
0,612198977
1,358675076
0,1558388689
0,2533134450
0,2305140410
0,1297251474
0,603271130
0,1048687806
1,45718856
1,614357920
1,883263661
0,797537695417278464
1,3158087894
1,283786416
1,2764451351
0,714495729784455168
1,56083213
1,2618981980
1,2728753997
1,2385895706
1,983758176
0,2939902438
0,2350149284
1,2953400035
1,1716483480
1,2810377987
1,588737607
1,3390353685
0,749860316314558464
1,254304033
1,1590056226
1,822573794
0,3381141064
0,551431876
1,22845383
0,729631754726703104
0,892669710
0,2538687284
1,22108456
0,2171909718
1,71652420
1,607704515
0,20121665
0,14259624
0,1328290824
1,851854453
0,163305130
0,72397721
1,1206517537
1,43166167
0,507034206
1,422415764
0,33695498
1,3190263195
0,711075146
1,2891268183
1,2235795476
1,3304292638
0,454231140
0,42867536
0,141295725
1,409741630
1,2914336381
0,272366140
1,41743479
1,2610683418
1,42487197
0,444621882
0,3178136480
0,4280568012
1,3073945887
0,340944384
1,3401051914
1,1425871032
0,16693051
0,401564895
1,37726004
1,2796380717
1,430119965
0,4365762197
0,2421619686
1,635090286
0,2833514743
1,2335149302
0,302026615
1,1263042128
1,2223834560
0,1370565206
1,3091483689
1,2328158480
0,481934615
0,4119777783
0,2259783672
1,2174727956
0,589596044
0,90160322
0,536378338
1,1604915234
1,918742332
0,4033684694
0,4196180957
0,258546565
0,2232432945
1,42998660
1,24976147
1,324672606
0,2387755969
1,468708987
1,2717627691
0,4351424413
1,2578649494
1,628185788
0,798086018230423552
0,173229738
1,289825960
1,370973564
1,3996142333
1,188430914
1,391757760
0,3130902729
1,454787477
1,605487815
1,1419215268
1,251478150
0,2465566448
0,405840306
1,2877441640
1,1414093086
0,2806342029
0,600378365
1,2962128549
1,170091746
0,807624209652273152
1,4535235972
0,273359661
1,92657366
1,3281908717
0,781567178776666113
0,1038095460
1,1542352122
1,256142646
0,566459969
1,619746467
1,2985383571
1,3138163878
1,2334410508
0,702078478489821184
1,147909446
1,192115963
0,15114859
1,20475800
0,2776675578
0,3227090858
1,3015806721
1,79833600
1,2511228408
1,963319550
1,2863585686
0,4493582055
1,288727892
0,723950566951407617
0,49433069
1,4068591843
1,36438481
0,806140856
1,457897319
1,1226693083
0,562085805
0,4861831874
0,2715365584
1,2958834452
1,2218760004
0,2764887816
1,3387939340
1,2334065936
0,791052921035042816
1,34111818
1,2928022219
1,826162472
1,834628800
0,2400807932
1,175644901
0,815873160121843712
1,126772310
0,1411799899
0,750419814
1,4342404141
1,2279202772
1,1720790138
1,2181111620
0,730080130220097536
1,469275084
0,15206901
0,765361148443058176
0,3007014726
0,411598522
1,4645192822
1,3346995292
0,606135270
0,2874576417
0,745559078726860800
0,4105482192
0,3108715004
0,719613823133556736
0,2522783707
1,306213202
1,954956923
0,229035683
1,255340030
1,3091389007
0,274840349
0,385107102
1,274831032
0,14111494
1,1605082561
0,814807779361726464
1,448195073
1,1507149966
1,267022104
1,1130698574
0,731555206320754688
1,2585636739
0,962331882
1,42977486
1,614820968
0,2866056859
1,855426374
0,14456464
1,56140466
0,720987995910701057
0,61870858
1,401279475
0,771301362969681920
1,88524715
1,1099584746
0,365908016
0,20754257
0,768541206
1,706848471
0,2786371625
0,60189637
0,2310942290
0,1156519483
1,2290065745
0,1194817477
0,1881212294
1,527660055
0,2398575056
1,173454135
1,120654533
1,2184096851
0,2959505489
1,3213164092
1,867175573
1,971341118
1,26620439
1,24450191
0,1653977628
1,558764001
1,2602686109
1,21616979
1,94610482
0,471600590
1,94712705
1,2299077498
0,288689885
1,2827010420
1,2538373597
1,1125507194
0,166046144
0,36144656
0,132696556
0,2855338313
0,558223105
0,2429732843
0,100382459
0,129955659
1,2382758682
1,745389115
1,2640259934
0,2521379778
0,554624793
0,3637025113
1,1043636522
0,809161156115972096
1,33302813
1,1554750566
0,1519065763
0,3229356739
0,322586855
1,3543576916
1,40254847
1,280687650
1,23540236
1,2257522032
1,258993478
1,1093200553
1,20300974
0,390793141
1,2269535222
1,348773604
0,612351984
0,41870027
1,286190151
0,320737562
0,1049950554
1,2353196219
0,2995281204
0,723927180028170245
1,1749682502
0,372123837
0,942295561
0,71595278
1,132247757
0,751220875
0,390938339
1,3121292491
0,714138227926388736
1,26594427
0,777818221382541321
1,2526531095
1,271239847
1,2766967863
1,19484358
0,614832612
0,733521686
0,753047225979248640
1,2559650871
1,378309335
1,2565754951
0,265080468
1,2799822784
1,511162416
0,2404052367
1,1884072582
1,1090703214
0,3436255389
0,4846316367
1,2993953320
1,298988829
1,323600805
0,418441891
1,741304586
0,400672423
1,3031082147
0,471362538
0,616743335
1,1466146969
1,2475351193
0,792913257925189632
0,700271203
1,3346224328
0,453473839
1,8897672
0,797402724245458944
1,2874031869
0,4851373329
0,3294630133
1,1015553905
1,4718967854
1,1637254286
1,25677162
0,18068565
1,549373598
1,622644430
1,255211334
1,79906556
0,2789887644
1,443674661
0,2961732793
0,4803426194
0,720479156518195204
0,19280537
0,237923570
0,14970856
1,2301435877
0,355745345
0,1533665540
0,752409962375024645
0,719278903768911874
1,250022359
1,263893380
1,3026655204
0,716034034221105161
1,1413406224
0,1007928804
0,3041511772
1,22956144
1,878196282
0,760499502771998720
0,2457223111
0,85774017
1,180726978
0,796599944459259904
0,1482105181
0,242698038
0,17061785
1,323978621
1,3395626274
0,188530400
1,24057360
0,787583234200707072
1,58494853
1,1343251550
0,94605924
0,1410936632
0,2790050779
0,2804112536
1,315782351
0,30403097
1,276442907
1,1058067937
1,193679211
1,20986499
1,265056090
0,176218085
0,106978513
0,2216244105
1,725701567
1,2391893774
1,2917830109
0,392383901
0,160798494
1,61831089
0,241400863
1,343740508
1,85435515
1,3038611406
0,601864211
1,1243950926
1,1929097742
1,26514441
0,27454010
1,609945242
0,561789234
0,810847363900342272
1,155632902
1,33689215
0,238720346
0,159836939
0,3051324140
0,765173447513088000
1,2301555796
1,196420508
0,77907253
1,1629892002
0,815471715690151936
1,319387340
1,131757521
1,421964806
0,25951724
0,64490141
1,15386306
0,228438331
1,1666704403
0,17193484
1,381248674
0,26589114
1,1632052196
0,3259490108
0,2601811088
1,159338814
1,85504369
1,271529792
0,338094641
1,14963303
1,24253031
1,2442913634
1,1098531812
0,3187342136
1,35201452
0,387578432
1,3086254028
0,2284027429
0,745093072099344385
1,1401446352
1,2301395359
0,2300686435
0,52635733
0,776056869924302849
1,341736077
1,522661829
1,314594241
0,1379565030
0,2742193461
0,85934257
1,1261881072
1,2622972418
1,354190590
0,438372053
1,42952658
1,527927710
1,85766241
0,309019469
0,406513580
1,279322567
1,244407769
1,3213005087
0,88891547
1,1535578224
1,3346196103
1,2771891762
0,755895133753663488
0,2338341656
0,794560833032491008
1,541992784
1,2364340860
0,780672823169736704
0,293762985
0,3160001607
0,380153221
1,2884994808
0,18240915
1,18113127
0,237062212
0,753917407002001409
1,46104233
0,2268669272
1,2184099807
0,2584582958
0,314157638
1,220746552
1,1639584482
1,3124889074
1,383193662
0,4854168184
1,1536844544
0,807494075066843137
0,3570774913
1,525233239
0,1322969862
1,1673872422
1,1958050556
1,2372256530
1,581239325
0,369971169
1,2741241403
1,1369621699
1,3433372481
1,406172501
1,2347417645
1,610204619
0,1245733164
0,4848807435
1,1252035012
1,151031982
0,4864573642
0,3309341791
0,719909581980332035
0,226666244
0,321519553
0,137180228
0,765252542079045632
0,130059237
0,1850260346
1,37288746
1,206064356
0,221134449
1,1592606196
1,351502396
0,1713007718
0,75221587
0,775743717923758082
0,36932628
0,3232991845
0,817601215026446337
1,43993346
1,239650951
0,3044924782
1,803100541
1,57009150
0,2789898680
1,524990794
1,3141020367
1,160827816
0,2528468582
0,3330930778
1,46828395
1,283981615
1,487678829
1,570513597
0,4427288117
1,940627640
1,80883098
1,2153476686
1,1064989094
1,89784763
0,273702888
1,503490798
1,2416643215
0,2680974648
1,546805534
0,3517134735
1,299963911
1,1496761398
1,2591685986
0,2419414645
1,38957759
1,345074299
1,249496407
1,1355471670
0,74177248
0,744036047877713920
1,512800822
0,156261152
0,784398760658935808
0,580889756
1,149249078
1,130921919
0,1335948642
1,4880658677
0,3428837860
1,7818902
0,1712281231
0,3051114499
1,2867637652
0,844973203
1,22633030
0,484644287
0,1190381972
0,1476030758
1,460194215
0,3318550321
0,146744181
1,1723578638
1,538583166
1,2768106257
0,787466063873056769
1,1427925091
0,179534620
1,32472461
1,1719983772
0,3741323123
0,2832513457
0,171772953
1,877117706
1,60530077
0,292088285
1,240040142
1,412509685
1,259456473
0,2580826862
1,1168331058
1,3394627145
1,75612876
1,1093379232
1,3390510898
1,4810613862
0,477582518
1,4160167752
1,133889960
1,752708773
1,387359152
0,2657688577
0,1308160861
0,15836690
1,289576407
0,429425334
1,1173400687
0,3743952193
1,515656830
0,388847484
0,3127919529
1,1668179456
1,545382561
1,2236408118
0,751190891293974528
1,868870483
0,231988747
0,4703130954
1,39629273
1,896505204
1,112953401
1,630473888
1,3460088121
0,4860890279
1,3373054042
1,503135520
0,608616368
1,349211728
1,549488642
1,572030641
1,337458108
1,448259042
0,4782567288
1,297459596
1,272160177
0,710577554168619008
1,2532244886
1,566345748
0,3272467424
1,978892093
0,2314739219
0,174220830
0,40428177
0,355531595
1,491926345
1,2591896129
1,4865827966
0,819425250676903936
0,817588767183618048
1,2704575438
1,2317566139
1,23246432
0,764522778
0,348293917
1,543742037
0,806661615802122240
0,2781513912
0,703098869182115842
1,2480378125
1,44743452
0,2791931061
1,2851791262
0,22925389
0,756573754835275776
0,818368042975559680
1,64736450
0,765378099915567105
1,498526181
1,101959854
1,2685903032
0,800911753882148864
1,57060169
0,2187004009
0,165843004
0,379982847
1,29298393
0,325192002
0,201592937
1,1075948759
0,604347705
1,333791583
1,2304031544
1,2839518893
1,2240307949
1,27941029
1,598247471
0,2602992210
0,4080133834
0,2460600059
0,2668602865
1,6170452
0,619960478
0,246328632
0,842292607
1,154066146
0,523934232
1,221982028
0,42239716
1,367262245
0,3532365977
0,710209206847143937
0,3239569573
0,705919158
1,214624954
0,35793755
0,2369681689
1,108058078
1,211319879
0,81122237
0,2512329614
1,303007386
1,330038503
0,3262779420
1,1611690583
1,1191703062
1,359646581
0,602746366
0,819013867036549121
1,356430989
1,1279336956
1,20012387
0,390962565
1,2984874642
1,776321094
1,1431736226
1,2479016983
0,52142936
1,2151889181
1,2150037385
1,89628717
0,3234523923
1,4292715322
0,768205206966325248
1,200147919
0,4591364240
0,260302687
1,3765518675
1,46807086
0,2783469440
1,698945869031337984
1,320578515
1,2238789760
1,940728632
0,790574553206587392
1,401890400
0,143555502
1,266438678
1,1642787534
1,456477315
1,338853844
0,194303502
1,3275647159
0,3213526828
1,715458891581001728
0,457100803
1,185866519
0,2559148175
1,1474321034
0,1458225506
0,3178412432
0,783348095664922630
1,1689165253
0,140018918
1,2932581134
1,214834833
1,216063873
1,588578536
1,611112961
0,42511068
0,100949564
1,487994731
1,52806577
1,2919740217
0,112389708
0,4394850137
0,970843968
1,155465509
0,1094640577
1,14493027
1,889929912
1,110235652
1,1280620466
0,165352460
0,4270123633
0,751627013446701056
1,521550401
0,4248603732
1,4690049173
1,78030281
0,1429939603
1,292090599
0,1134310938
0,15227698
1,1332656455
0,3264875632
0,117231545
0,1348619448
0,570456973
0,295636725
0,796592229523525632
1,175053294
1,182201955
1,703534837
0,802484038883770368
0,722479148556357632
1,928739334
1,624028469
0,712610212
0,921722269
1,20310610
1,154489362
1,519014809
0,40190656
1,21038530
1,391097497
1,139559274
0,791966638421647360
1,213333567
0,62072718
1,627578777
1,606660954
0,12719
1,461702274
1,2163244617
0,2608818817
1,1087112682
1,1714173090
1,522596064
0,268734929
0,3228711660
0,4089116602
1,33146866
1,2431273993
1,2540427056
1,2203437161
0,2265394442
1,357771836
0,4748278277
1,344251848
0,3936987923
1,196374153
0,128937010
1,164640266
0,2734878238
0,2725724151
0,553386503
1,372631887
0,2781735001
1,832275878
1,2334275364
0,45481162
0,816719558811774977
1,3297749178
1,216605214
1,2894163980
0,1728219757
1,3016719256
1,1337159071
0,97945564
0,351055035
0,19539889
1,349888967
1,89773253
1,235010637
1,2424102426
0,171368979
0,790111668588060672
0,2212805838
1,1513669094
0,258706088
0,46348206
0,933623490
1,15795410
1,176085418
1,20021816
0,336128138
0,101836604
1,737227964
1,946372904
1,79226699
0,554036378
0,2898925687
1,369700095
1,7562042
1,620490745
1,1652053554
0,632583354
1,3125500866
0,2563775928
1,14423451
1,387995213
1,212412218
0,621199655
1,73693775
1,15764129
1,1721466043
1,100619923
1,57678015
1,255730745
0,1923093175
1,343917888
1,1123162682
1,1615853546
0,1870587966
1,1134019021
0,339302882
1,381121055
1,2325373684
1,799101030
0,2349543594
0,388043362
0,800394453177380864
0,78555500
0,801796937271738368
0,862694144
0,2498098540
1,349721968
1,2474005328
1,2806392204
0,29292159
0,793205723215822852
0,1066384489
0,703427341914079232
1,812118618
0,764833076
0,402590188
1,355225888
1,47866807
1,126424110
0,74376587
1,82324481
1,22912342
0,464362517
1,2477529546
1,335745959
1,2928899616
1,1484369556
1,1053634561
1,87957076
1,2586174385
0,2849325864
0,2154151412
0,616587118
1,1486062978
1,454220740
0,2580417745
0,134885324
0,248606174
1,107759788
1,2849892164
0,431259951
0,320721060
0,27960082
0,15715591
1,4220790093
1,478188861
1,109188246
0,4757373747
0,759050408534745088
1,2172961754
1,2887196607
1,22637879
0,70242409
0,550975030
0,38832219
1,2330482621
0,3178977972
0,407402661
0,712175472
1,2311920150
0,37222477
0,1401363708
0,957449292
0,253832588
0,1491463525
0,752282567919960064
0,632379034
1,44941047
1,1499283739
1,1295579816
1,2153954060
0,490767931
0,1613398644
1,187354970
0,1544384970
0,331198214
0,69420254
1,34792387
1,570322984
1,285492808
1,2197255723
1,606769564
1,1377931002
0,3232206979
1,2770457031
1,154617535
1,908382900
0,486097249
0,2966885050
0,4135079537
0,363959058
0,24411361
1,3241434881
1,1377825259
1,279400866
1,36486030
1,2922403601
0,1067170770
0,107356713
0,347687163
0,552526204
0,2833986595
1,105458079
1,1596183272
0,731495917
1,18942749
1,2960246690
1,2156387323
0,596201952
1,604644763
1,590510573
1,110467908
1,464423504
0,3276343544
1,3031225954
1,1093293714
0,2780518314
0,277723966
1,2797134246
1,232046158
0,4691036136
1,2548732350
1,217805129
0,34233218
1,490473824
0,125810524
1,552149630
0,16865401
0,2760657533
1,2862401761
1,41555851
0,590454670
1,19901475
1,217142231
0,51350650
0,3545710106
1,613260658
0,1016310902
0,2207206902
0,2797225752
0,2157494533
0,107831186
1,22163799
0,404231266
0,162321612
1,2994745433
1,1933249722
0,786783841
1,153933177
1,2268327331
1,235031745
1,154036524
0,432896563
0,804898178059206656
1,71112954
1,27946578
0,53480059
1,2241525102
0,1363389511
1,554966495
1,219933675
0,2482817792
1,1217506820
0,2529231426
1,375534742
1,916466954
1,2697786282
0,2807001759
1,502166259
0,95655865
0,757498499340656640
0,759807217793130496
1,155760662
0,129635795
0,408929195
0,514131080
1,1911548394
1,274150578
0,49630734
0,526936588
1,597020530
0,41958469
0,796156709060415489
1,99417054
1,560580194
1,1561702988
1,3212888217
0,428171626
0,741802180462530560
1,2430004518
0,3192848683
0,1456013718
1,235661135
1,4339444032
0,2246003875
1,2209748414
0,3373077143
1,344315997
0,221280442
1,393326377
1,144360450
0,1546562059
0,1497350173
1,118629418
1,2515611014
0,965350130
1,1590024912
0,60524092
0,819445547748601858
0,260776276
1,421780826
1,2897659196
0,792149389737332736
0,1649927178
1,223434041
1,4174964412
0,11733482
1,1651977290
0,930303488
1,269910752
1,545238832
0,2784230419
1,464496633
0,24969689
1,394785215
1,160087263
0,735839567715131393
1,235042850
1,418052892
0,819173253675503616
0,2997052956
1,53849966
0,2911250971
0,529523292
1,3214040740
0,1395777614
0,299847611
0,4654110974
1,34670064
0,705037149326815237
1,151657748
1,2367909680
1,274566082
1,112889481
1,719664938
0,2776682856
1,28471812
1,31572114
0,33175241
1,835541468
0,40583679
1,296527319
1,3407987693
0,811055908344078336
1,1064472282
1,2428283527
1,216819770
1,1705772514
0,753406821876899840
0,636685870
1,632306041
1,2893027490
1,174510230
0,2419045141
1,400354324
1,267900047
0,36366149
1,4401778533
1,548265223
1,108048373
0,1047778988
1,214298797
0,1257839731
1,27305474
1,235203048
0,2564957688
0,745050037
1,3104514459
0,95742665
0,315516639
0,780398708114481152
0,3321747650
0,31319057
1,1571966084
1,1942261957
0,556078179
1,3434863115
0,385060003
0,1712036066
0,759748213595312128
0,1512153601
1,98682856
1,32782898
0,2797240302
1,397625964
0,735822567253127168
1,200263852
1,72421518
0,865992830
1,410611364
0,467607137
0,813636816851136512
0,2752190751
1,2582432616
1,100975300
1,1283765972
1,592808257
0,528237810
1,117730043
1,21518737
0,2697462947
0,3334832655
1,477120135
1,35616092
1,143622865
0,1183950488
1,1571203910
1,3573333017
1,859030417
1,192842195
1,35015774
1,134514834
1,127336059
0,88314522
1,243018265
0,251367281
1,85216432
1,2939624477
1,126146207
0,757111959372214274
1,4074782968
0,257090362
1,421984199
0,149994756
1,2727014164
0,1767975548
1,110335011
1,2217957470
1,2299697074
0,269370487
1,1704052507
1,2581400298
0,279727767
1,23457444
1,2955693929
1,3235498177
0,867833336
1,234536621
1,39155230
1,1539271098
1,2590759164
1,1236398948
0,435378139
1,1075320360
0,731470437130117120
1,2351396598
1,64345364
0,171697517
0,799377084720087040
1,4843720695
0,118355823
1,2907978862
0,2748034000
1,3465607344
0,3013962410
0,748016251528675332
0,4032234372
1,1092731773
0,388411667
0,555364822
0,602482436
0,439237812
1,1027314498
1,774139460
0,485209514
0,18666183
0,2784295299
0,816242552802254849
0,1631643792
1,58215626
1,256145076
0,756908305855967232
0,713486091177824256
0,810174883149807617
1,3190050596
1,1543686456
0,2915049359
1,165521236
1,386207980
0,352426632
0,426615596
0,1944857652
0,4723793117
0,2240161362
0,808286021200777216
1,171673230
1,63242347
0,189225879
0,101443194
0,810004352484065280
1,1599332040
0,734490870557335553
0,800319772600610816
1,2384295727
0,4785104172
0,791522959810781184
0,217931643
0,537688491
0,30797363
0,3003013589
1,418182413
0,262523901
1,179033583
1,101847389
0,2318635544
1,16673030
0,268452328
0,3756866294
1,2781739953
1,68821725
1,1315243682
1,2705837905
1,636597107
0,2776737205
0,127030509
1,77345302
1,1427878896
0,778481584156598272
0,811294488329154560
0,2901079435
0,4150201096
0,406040966
1,1069910984
0,755786114766630912
0,1850312534
1,1611501930
1,2273950852
1,322801928
0,4297505296
0,3165340966
1,705973048181182464
1,294904517
0,4850525943
0,2202488078
1,3036888171
1,3288733356
1,430212021
1,2945594300
1,2605265379
0,2374788414
0,2182402237
0,213140606
0,77627341
1,965114168
